cohort_id,module,condition,User,week,sum_val_div,sum_val_freq,sum_val_imm,mean_val_div,mean_val_freq,mean_val_imm,n_active_div,n_active_freq,n_active_imm,n_released,freq_week,imm_week,div_week,IDF_week,cum_freq,cum_imm,cum_div,cum_IDF,z_freq_week,z_imm_week,z_div_week,z_IDF_week
STAT0002_2021,STAT0002,online,710429,1,0.0862068965517242,0.1195402298850574,0.2000000000000003,0.0431034482758621,0.0597701149425287,0.10000000000000014,2,2,2,2,0.1195402298850574,0.2000000000000003,0.0862068965517242,0.4057471264367819,0.1195402298850574,0.2000000000000003,0.0862068965517242,0.4057471264367819,1.3796797234838323,0.3894093277817263,0.500803773548088,0.8667113313444551
STAT0002_2021,STAT0002,online,710429,2,0.053767560664112396,0.0728114478114478,0.222222222222222,0.0179225202213708,0.024270482603815934,0.074074074074074,2,2,2,3,0.0728114478114478,0.222222222222222,0.053767560664112396,0.3488012306977821,0.19235167769650519,0.4222222222222223,0.1399744572158366,0.754548357134564,0.3207356227156992,0.6134933314715235,-0.22402751930699724,0.3640499822007022
STAT0002_2021,STAT0002,online,710429,3,0.04016544595085967,0.0321969696969697,0.2129629629629629,0.010041361487714917,0.008049242424242426,0.05324074074074073,3,2,3,4,0.0321969696969697,0.2129629629629629,0.04016544595085967,0.28532537861079227,0.2245486473934749,0.6351851851851852,0.18013990316669626,1.0398737357453562,-0.6587279283143361,-0.06070218936554317,-0.431881936944921,-0.40900884981674834
STAT0002_2021,STAT0002,online,710429,4,0.061391225689733146,0.06385046113306986,0.2333333333333334,0.01227824513794663,0.012770092226613973,0.046666666666666676,3,3,4,5,0.06385046113306986,0.2333333333333334,0.061391225689733146,0.3585750201561364,0.28839910852654477,0.8685185185185186,0.2415311288564294,1.3984487559014926,0.8973364584179709,0.6186173687509224,0.5227804460173137,0.7668632192349767
STAT0002_2021,STAT0002,online,710429,5,0.01828490561142571,0.01658692185007976,0.29696969696969705,0.0036569811222851418,0.003317384370015952,0.059393939393939416,5,2,5,5,0.01658692185007976,0.29696969696969705,0.01828490561142571,0.3318415244312025,0.30498603037662453,1.1654882154882156,0.2598160344678551,1.7302902803326952,-0.868665559323622,1.1596434207112414,-0.8713611196491761,0.30740416783185515
STAT0002_2021,STAT0002,online,710429,6,0.05459720580509586,0.067987567987568,0.2083333333333335,0.00909953430084931,0.011331261331261333,0.03472222222222225,4,3,4,6,0.067987567987568,0.2083333333333335,0.05459720580509586,0.33091810712599734,0.3729735983641925,1.373821548821549,0.314413240272951,2.0612083874586924,2.0492347043517154,1.0743237687134302,1.195702787899404,1.4015332453747464
STAT0002_2021,STAT0002,online,710429,7,0.00476190476190476,0.0108225108225108,0.0476190476190476,6.802721088435372e-4,0.0015460729746444,0.006802721088435372,1,1,1,7,0.0108225108225108,0.0476190476190476,0.00476190476190476,0.06320346320346316,0.3837961091867033,1.4214405964405967,0.3191751450348557,2.1244118506621557,-0.6955618488922689,-1.2829898605076415,-1.0723074303698572,-1.2425424837707235
STAT0002_2021,STAT0002,online,710429,8,0.05045983476329693,0.06177248677248679,0.2314814814814817,0.006307479345412116,0.007721560846560849,0.028935185185185213,6,4,6,8,0.06177248677248679,0.2314814814814817,0.05045983476329693,0.3437138030172654,0.44556859595919013,1.6529220779220783,0.3696349797981527,2.468125653679421,1.7719979927160638,1.0509351730638858,0.8550782694783909,1.3184793125922614
STAT0002_2021,STAT0002,online,710429,9,0.02790675063791962,0.02066276803118911,0.1687242798353908,0.003100750070879958,0.002295863114576568,0.01874714220393231,4,3,5,9,0.02066276803118911,0.1687242798353908,0.02790675063791962,0.2172937985044995,0.46623136399037923,1.8216463577574693,0.39754173043607227,2.6854194521839205,-0.5183094518855315,-0.004904896118530209,-0.49877109661546465,-0.28675999713003425
STAT0002_2021,STAT0002,online,710429,10,0.02076288244766505,0.0102633779264214,0.0874999999999999,0.002076288244766505,0.00102633779264214,0.00874999999999999,3,3,3,10,0.0102633779264214,0.0874999999999999,0.02076288244766505,0.11852626037408635,0.47649474191680063,1.9091463577574692,0.4183046128837373,2.803945712558007,-0.9486811666460685,-1.348574002758194,-0.3925689458592293,-1.170703486100006
STAT0002_2021,STAT0002,online,710429,11,0.00963327859879584,0.00416666666666667,0.0666666666666666,9.633278598795839e-4,4.16666666666667e-4,0.006666666666666659,2,1,2,10,0.00416666666666667,0.0666666666666666,0.00963327859879584,0.0804666119321291,0.4806614085834673,1.9758130244241356,0.4279378914825332,2.8844123244901363,-0.7750104260722804,-0.8251431335266624,-0.5990916212128415,-0.8655566549500096
STAT0002_2021,STAT0002,online,710499,1,0.0028735632183908,0.00574712643678161,0.133333333333333,0.0014367816091954,0.002873563218390805,0.0666666666666665,1,1,1,2,0.00574712643678161,0.133333333333333,0.0028735632183908,0.1419540229885054,0.00574712643678161,0.133333333333333,0.0028735632183908,0.1419540229885054,-1.1449485031667446,-0.942370573231777,-1.2325662582264463,-1.295167657934545
STAT0002_2021,STAT0002,online,710499,2,0.02519613209268386,0.0378787878787879,0.1358024691358024,0.008398710697561287,0.012626262626262633,0.04526748971193413,2,2,2,3,0.0378787878787879,0.1358024691358024,0.02519613209268386,0.19887738910727418,0.04362591431556951,0.2691358024691354,0.02806969531107466,0.3408314120957796,-0.6778824957890565,-1.0517028539511828,-1.0894012439906549,-1.1664263104789707
STAT0002_2021,STAT0002,online,710499,3,0.004685470884629376,0,0.2129629629629629,0.001171367721157344,0,0.05324074074074073,3,0,3,4,0,0.2129629629629629,0.004685470884629376,0.21764843384759228,0.04362591431556951,0.4820987654320983,0.03275516619570404,0.5584798459433719,-1.6173593012536873,-0.06070218936554317,-1.4209487551021873,-1.0940766450231176
STAT0002_2021,STAT0002,online,710499,4,0.02923835368611487,0.056933465085638964,0.16666666666666669,0.005847670737222974,0.011386693017127792,0.03333333333333334,3,3,3,5,0.056933465085638964,0.16666666666666669,0.02923835368611487,0.2528384854384205,0.10055937940120847,0.648765432098765,0.061993519881818906,0.8113183313817924,0.6353480924651226,-0.5842835569052702,-0.5669235350560016,-0.3378230249325418
STAT0002_2021,STAT0002,online,710499,5,0.01757060849598164,0.02169059011164276,0.1575757575757576,0.0035141216991963283,0.0043381180223285515,0.03151515151515152,3,2,3,5,0.02169059011164276,0.1575757575757576,0.01757060849598164,0.19683695618338198,0.12224996951285123,0.8063411896745226,0.07956412837780055,1.0081552875651743,-0.7048921851405102,-0.5687801031759452,-0.8935832871168478,-0.7721081975574339
STAT0002_2021,STAT0002,online,710499,6,0.00405092592592592,0,0.1111111111111112,6.751543209876533e-4,0,0.018518518518518535,2,0,2,6,0,0.1111111111111112,0.00405092592592592,0.11516203703703712,0.12224996951285123,0.9174523007856338,0.08361505430372647,1.1233173246022115,-0.5684644958016053,-0.03543651130860293,-0.5900572711520495,-0.26741445553164017
STAT0002_2021,STAT0002,online,710499,7,0.00170068027210884,0.00317460317460317,0.0952380952380952,2.4295432458697715e-4,4.5351473922902426e-4,0.013605442176870744,1,1,2,7,0.00317460317460317,0.0952380952380952,0.00170068027210884,0.10011337868480721,0.1254245726874544,1.012690396023729,0.0853157345758353,1.2234307032870186,-1.006471805670477,-0.608976754065839,-1.1814224245956328,-0.9098142919593922
STAT0002_2021,STAT0002,online,710499,8,0.023401733706398597,0.00138888888888889,0.1805555555555557,0.0029252167132998246,1.7361111111111125e-4,0.02256944444444446,5,1,5,8,0.00138888888888889,0.1805555555555557,0.023401733706398597,0.20534617815084316,0.1268134615763433,1.1932459515792846,0.1087174682822339,1.4287768814378619,-1.360907381492612,0.262871825550865,-0.4485519002580353,-0.20416385609622123
STAT0002_2021,STAT0002,online,710499,9,0.029385199646637498,0.02834246109099916,0.148148148148148,0.0032650221829597223,0.003149162343444351,0.016460905349794223,5,3,4,9,0.02834246109099916,0.148148148148148,0.029385199646637498,0.20587580888578466,0.15515592266734246,1.3413940997274327,0.1381026679288714,1.6346526903236465,-0.16357511862208282,-0.44634554678622695,-0.43300541214300325,-0.4312392911312665
STAT0002_2021,STAT0002,online,710499,10,0.0099441074036625,0.00520833333333333,0.0999999999999999,9.9441074036625e-4,5.20833333333333e-4,0.00999999999999999,3,1,3,10,0.00520833333333333,0.0999999999999999,0.0099441074036625,0.11515244073699572,0.16036425600067578,1.4413940997274326,0.1480467753325339,1.7498051310606422,-1.2168288255357058,-1.0868454105812335,-0.8747706021481126,-1.214060027631721
STAT0002_2021,STAT0002,online,710499,11,0.0103448275862069,0.00416666666666667,0.0333333333333333,0.00103448275862069,4.16666666666667e-4,0.0033333333333333296,1,1,1,10,0.00416666666666667,0.0333333333333333,0.0103448275862069,0.04784482758620687,0.16453092266734246,1.4747274330607658,0.1583916029187408,1.797649958646849,-0.7750104260722804,-1.397932399606976,-0.5656477951940039,-1.2447007537110149
STAT0002_2021,STAT0002,online,718925,1,0.0488505747126437,0.028735632183908,0.133333333333333,0.02442528735632185,0.014367816091954,0.0666666666666665,1,1,1,2,0.028735632183908,0.133333333333333,0.0488505747126437,0.2109195402298847,0.028735632183908,0.133333333333333,0.0488505747126437,0.2109195402298847,-0.6349225987928914,-0.942370573231777,-0.2762241717301517,-0.7299705365544156
STAT0002_2021,STAT0002,online,718925,2,0.047144681627440205,0.0336700336700337,0.1358024691358024,0.0157148938758134,0.0112233445566779,0.04526748971193413,2,2,2,3,0.0336700336700337,0.1358024691358024,0.047144681627440205,0.2166171844332763,0.062405665853941694,0.2691358024691354,0.0959952563400839,0.427536724663161,-0.7981979317534849,-1.0517028539511828,-0.424621811810299,-0.9853321236211355
STAT0002_2021,STAT0002,online,718925,3,0.02995818399044203,0.01941287878787879,0.1296296296296296,0.0074895459976105075,0.004853219696969698,0.0324074074074074,2,2,2,4,0.01941287878787879,0.1296296296296296,0.02995818399044203,0.1790006924079504,0.08181854464182049,0.398765432098765,0.12595344033052594,0.6065374170711114,-1.0393609734520197,-1.8746957705999225,-0.7164273485592879,-1.485292931609359
STAT0002_2021,STAT0002,online,718925,4,0.01198552691090005,0.00833333333333333,0.16666666666666669,0.00239710538218001,0.001666666666666666,0.03333333333333334,2,1,3,5,0.00833333333333333,0.16666666666666669,0.01198552691090005,0.18698552691090006,0.09015187797515382,0.5654320987654317,0.13793896724142599,0.7935229439820115,-1.2054320692654668,-0.5842835569052702,-1.151644987609422,-1.0258241743677652
STAT0002_2021,STAT0002,online,718925,5,0.02004643449419571,0.041786283891546996,0.096969696969697,0.004009286898839142,0.0083572567783094,0.019393939393939397,2,2,2,5,0.041786283891546996,0.096969696969697,0.02004643449419571,0.1588024153554397,0.13193816186670082,0.6624017957351287,0.1579854017356217,0.9523253593374512,-0.060034524294509756,-1.3202685918225474,-0.8165590086148629,-1.0762368479324207
STAT0002_2021,STAT0002,online,718925,6,0,0,0,0,0,0,0,0,0,5,0,0,0,0,0.13193816186670082,0.6624017957351287,0.1579854017356217,0.9523253593374512,-0.5684644958016053,-1.3037339741909264,-0.7331732776709714,-1.1582325765022894
STAT0002_2021,STAT0002,online,718925,7,0.01792091836734694,0.01717171717171715,0.11428571428571421,0.002560131195335277,0.00245310245310245,0.016326530612244886,3,2,3,7,0.01717171717171715,0.11428571428571421,0.01792091836734694,0.1493783498247783,0.14910987903841796,0.7766875100208429,0.17590632010296864,1.1017037091622295,-0.4374479225103597,-0.33937151148911837,-0.603264503802114,-0.46571019274179326
STAT0002_2021,STAT0002,online,718925,8,0.01360180565454977,0.01898148148148148,0.0648148148148149,0.0017002257068187213,0.002372685185185185,0.008101851851851862,2,2,2,8,0.01898148148148148,0.0648148148148149,0.01360180565454977,0.09739810195084614,0.16809136051989945,0.8415023248356578,0.1895081257575184,1.1991018111130756,-0.44814415089074183,-1.5281812369787255,-0.9207018801391773,-1.392060236898203
STAT0002_2021,STAT0002,online,718925,9,0.04949887923744129,0.0235619913982487,0.259259259259259,0.00549987547082681,0.0026179990442498553,0.02880658436213989,7,4,7,9,0.0235619913982487,0.259259259259259,0.04949887923744129,0.332320129894949,0.19165335191814814,1.1007615840949168,0.2390070049949597,1.5314219410080248,-0.38439080955360316,1.9374339668193348,0.46170918250921494,1.1687434413740965
STAT0002_2021,STAT0002,online,718925,10,0.01453186105360018,0.01193910256410256,0.09638888888888879,0.001453186105360018,0.001193910256410256,0.00963888888888888,3,3,4,10,0.01193910256410256,0.09638888888888879,0.01453186105360018,0.12285985250659154,0.20359245448225072,1.1971504729838056,0.25353886604855985,1.6542817935146161,-0.8597914189369605,-1.1624558927656887,-0.6702906679921957,-1.115013026180667
STAT0002_2021,STAT0002,online,718925,11,0.01490937223695845,0.00694444444444445,0.0791666666666666,0.001490937223695845,6.94444444444445e-4,0.00791666666666666,3,2,3,10,0.00694444444444445,0.0791666666666666,0.01490937223695845,0.10102048334806948,0.21053689892669517,1.2763171396504722,0.26844823828551834,1.7553022768626856,-0.6179602597413447,-0.6103471587465445,-0.351107630207778,-0.6266709161623819
STAT0002_2021,STAT0002,online,718927,1,0.0632183908045977,0.056896551724138,0.1666666666666663,0.03160919540229885,0.028448275862069,0.08333333333333315,2,2,2,2,0.056896551724138,0.1666666666666663,0.0632183908045977,0.28678160919540197,0.056896551724138,0.1666666666666663,0.0632183908045977,0.28678160919540197,-0.01014086593491731,-0.27648062272503227,0.022632730299939577,-0.10825370303627317
STAT0002_2021,STAT0002,online,718927,2,0.059186279875935,0.0492424242424243,0.222222222222222,0.019728759958645,0.016414141414141433,0.074074074074074,2,2,2,3,0.0492424242424243,0.222222222222222,0.059186279875935,0.3306509263405813,0.1061389759665623,0.3888888888888883,0.12240467068053269,0.6174325355359833,-0.3530308186850984,0.6134933314715235,-0.05990491634975332,0.17876517206697382
STAT0002_2021,STAT0002,online,718927,3,0.03483585268297756,0.044981060606060594,0.2129629629629629,0.00870896317074439,0.011245265151515148,0.05324074074074073,3,2,3,4,0.044981060606060594,0.2129629629629629,0.03483585268297756,0.2927798762520011,0.1511200365726229,0.6018518518518512,0.15724052336351024,0.9102124117879844,-0.27809488317665315,-0.06070218936554317,-0.5804537396504357,-0.33354982486663126
STAT0002_2021,STAT0002,online,718927,4,0.007631840796019897,0,0.0866666666666667,0.0015263681592039794,0,0.01733333333333334,2,0,2,5,0,0.0866666666666667,0.007631840796019897,0.09429850746268659,0.1511200365726229,0.6885185185185179,0.16487236415953016,1.004510919250671,-1.521065672056276,-2.0277646676927,-1.2991972526510838,-1.994175139062029
STAT0002_2021,STAT0002,online,718927,5,0.02036484245439464,0.0322169059011164,0.096969696969697,0.0040729684908789275,0.00644338118022328,0.019393939393939397,2,2,2,5,0.0322169059011164,0.096969696969697,0.02036484245439464,0.14955144532520803,0.1833369424737393,0.7854882154882149,0.1852372066139248,1.154062364575879,-0.3671096008878435,-1.3202685918225474,-0.8066531657077675,-1.1502086895455805
STAT0002_2021,STAT0002,online,718927,6,0.09425154320987654,0.0620953120953121,0.277777777777778,0.015708590534979423,0.010349218682552017,0.046296296296296335,5,5,5,6,0.0620953120953121,0.277777777777778,0.09425154320987654,0.43412463308296667,0.2454322545690514,1.063265993265993,0.27948874982380134,1.5881869976588456,1.8223674403384276,1.8670096830148823,2.5966591406692827,2.199871360002988
STAT0002_2021,STAT0002,online,718927,7,0.01638321995464852,0.029457843743558042,0.11904761904761901,0.002340459993521217,0.0042082633919368635,0.01700680272108843,3,3,3,7,0.029457843743558042,0.11904761904761901,0.01638321995464852,0.16488868274582558,0.27489009831260947,1.182313612313612,0.2958719697784499,1.7530756804046712,0.06201928568320617,-0.27197020084493756,-0.6580745819201542,-0.32589071713718787
STAT0002_2021,STAT0002,online,718927,8,0.05979380510060561,0.0287037037037037,0.1944444444444446,0.007474225637575702,0.0035879629629629625,0.024305555555555573,5,3,5,8,0.0287037037037037,0.1944444444444446,0.05979380510060561,0.28294195324875393,0.30359380201631314,1.3767580567580564,0.3556657748790555,2.036017633653425,0.056277634441870485,0.4777981930544159,1.3047789084682917,0.6497257512883268
STAT0002_2021,STAT0002,online,718927,9,0.03542450263761737,0.026306507008261412,0.1687242798353908,0.003936055848624152,0.0029229452231401567,0.01874714220393231,5,4,5,9,0.026306507008261412,0.1687242798353908,0.03542450263761737,0.2304552894812696,0.32990030902457457,1.5454823365934474,0.39109027751667286,2.2664729231346947,-0.2576183060867696,-0.004904896118530209,-0.16435976214333795,-0.12021903958611238
STAT0002_2021,STAT0002,online,718927,10,0.013532321141016788,0.00631038647342995,0.1208333333333332,0.0013532321141016788,6.31038647342995e-4,0.01208333333333332,4,3,4,10,0.00631038647342995,0.1208333333333332,0.013532321141016788,0.14067604094777994,0.33621069549800453,1.6663156699267805,0.4046225986576896,2.4071489640824746,-1.1583698022675537,-0.6506310902862998,-0.7148409797801967,-0.8860593780380067
STAT0002_2021,STAT0002,online,718927,11,0.03404250471187592,0.060833333333333295,0.2874999999999997,0.003404250471187592,0.0060833333333333295,0.02874999999999997,9,5,9,10,0.060833333333333295,0.2874999999999997,0.03404250471187592,0.3823758380452089,0.3970440288313378,1.9538156699267801,0.43866510336956555,2.7895248021276835,2.428812967078802,2.969585754255416,0.5481771203962614,2.643359357382857
STAT0002_2021,STAT0002,online,718931,1,0.0747126436781609,0.0798850574712644,0.133333333333333,0.03735632183908045,0.0399425287356322,0.0666666666666665,2,2,1,2,0.0798850574712644,0.133333333333333,0.0747126436781609,0.2879310344827583,0.0798850574712644,0.133333333333333,0.0747126436781609,0.2879310344827583,0.499885038438936,-0.942370573231777,0.2617182519240128,-0.09883375101327084
STAT0002_2021,STAT0002,online,718931,2,0.0694298779949503,0.0782828282828283,0.27777777777777757,0.023143292664983432,0.0260942760942761,0.09259259259259253,3,2,3,3,0.0782828282828283,0.27777777777777757,0.0694298779949503,0.4254904840555562,0.15816788575409269,0.41111111111111054,0.1441425216731112,0.7134215185383145,0.4771456894694572,1.68397659352898,0.2503540066947645,1.1469213582421312
STAT0002_2021,STAT0002,online,718931,3,0.0807156121759909,0.0698232323232324,0.3055555555555555,0.020178903043997724,0.0174558080808081,0.07638888888888888,4,4,4,4,0.0698232323232324,0.3055555555555555,0.0807156121759909,0.4560944000547788,0.22799111807732508,0.7166666666666661,0.22485813384910208,1.1695159185930932,0.46155500947361344,1.9548462342282125,0.6985253930819908,1.3196205589061263
STAT0002_2021,STAT0002,online,718931,4,0.04227644991824099,0.0289855072463768,0.2333333333333334,0.008455289983648197,0.005797101449275361,0.046666666666666676,4,1,4,5,0.0289855072463768,0.2333333333333334,0.04227644991824099,0.3045952904979512,0.2569766253237019,0.9499999999999995,0.2671345837673431,1.4741112090910444,-0.42320966234911306,0.6186173687509224,-0.12504495673907903,0.20290805485897168
STAT0002_2021,STAT0002,online,718931,5,0.0548855721393035,0.0558213716108453,0.1333333333333334,0.0109771144278607,0.01116427432216906,0.02666666666666668,2,2,2,5,0.0558213716108453,0.1333333333333334,0.0548855721393035,0.2440402770834822,0.3127979969345472,1.0833333333333328,0.32202015590664657,1.7181514861745266,0.3903422547090495,-0.8693754986345857,0.2673053028034163,-0.3946649061159277
STAT0002_2021,STAT0002,online,718931,6,0.0392656619385343,0.0286195286195286,0.1805555555555557,0.0065442769897557165,0.0047699214365881,0.03009259259259262,4,2,4,6,0.0286195286195286,0.1805555555555557,0.0392656619385343,0.2484407461136186,0.3414175255540758,1.2638888888888886,0.3612858178451809,1.9665922322881453,0.5334622151200774,0.757249402992849,0.6540514785261191,0.7635423792003684
STAT0002_2021,STAT0002,online,718931,7,0.05467687074829929,0.06439909297052147,0.1904761904761904,0.007810981535471328,0.00919987042436021,0.02721088435374149,5,3,4,7,0.06439909297052147,0.1904761904761904,0.05467687074829929,0.3095521541950112,0.4058166185245973,1.454365079365079,0.4159626885934802,2.2761443864831565,1.4824839130122158,0.7390494588177662,0.7068731699226471,0.9781928779814906
STAT0002_2021,STAT0002,online,718931,8,0.03280645910278834,0.01620370370370369,0.2500000000000002,0.004100807387848543,0.002025462962962961,0.03125000000000003,4,3,6,8,0.01620370370370369,0.2500000000000002,0.03280645910278834,0.29901016280649223,0.42202032222830094,1.704365079365079,0.4487691476962685,2.575154549289649,-0.5922646609857748,1.3375036630686201,0.004557641281441797,0.8265456507392599
STAT0002_2021,STAT0002,online,718931,9,0.0608028698406926,0.08330084470435344,0.2057613168724278,0.0067558744267436225,0.009255649411594827,0.022862368541380868,7,5,6,9,0.08330084470435344,0.2057613168724278,0.0608028698406926,0.3498650314174738,0.5053211669326544,1.910126396237507,0.5095720175369611,2.9250195807071226,2.3750192518152007,0.7896882750833237,0.9645433519052834,1.3907505608358885
STAT0002_2021,STAT0002,online,718931,10,0.0299736336684876,0.03785744147157189,0.1999999999999998,0.00299736336684876,0.003785744147157189,0.01999999999999998,6,4,6,10,0.03785744147157189,0.1999999999999998,0.0299736336684876,0.26783107514005927,0.5431786084042263,2.110126396237507,0.5395456512054487,3.192850655847182,0.5150613192266132,1.0069833268344495,0.017961772847933908,0.747994339687778
STAT0002_2021,STAT0002,online,718931,11,0.02568369051127667,0.03472222222222225,0.1541666666666665,0.002568369051127667,0.003472222222222225,0.01541666666666665,5,4,5,10,0.03472222222222225,0.1541666666666665,0.02568369051127667,0.21457257940016544,0.5779008306264486,2.2642930629041733,0.5652293417167253,3.4074232352473475,0.9525414035680119,0.67842868993416094,0.15530082825822641,0.6930793054552975
STAT0002_2021,STAT0002,online,718933,1,0.1077586206896552,0.1183908045977012,0.1666666666666663,0.0538793103448276,0.0591954022988506,0.08333333333333315,2,2,2,2,0.1183908045977012,0.1666666666666663,0.1077586206896552,0.3928160919540227,0.1183908045977012,0.1666666666666663,0.1077586206896552,0.3928160919540227,1.3541784282651423,-0.27648062272503227,0.9490891265932251,0.7607368710856759
STAT0002_2021,STAT0002,online,718933,2,0.1651800060031424,0.1952861952861952,0.27777777777777757,0.055060002001047464,0.06509539842873173,0.09259259259259253,3,3,3,3,0.1952861952861952,0.27777777777777757,0.1651800060031424,0.6382439790671152,0.3136769998838964,0.44444444444444386,0.27293862669279756,1.031060071021138,3.8219148092805666,1.68397659352898,3.1504415786632856,3.31878526491346
STAT0002_2021,STAT0002,online,718933,3,0.0741649784426783,0.03809974747474753,0.3055555555555555,0.018541244610669576,0.009524936868686882,0.07638888888888888,4,4,4,4,0.03809974747474753,0.3055555555555555,0.0741649784426783,0.41782028147298134,0.35177674735864395,0.7499999999999993,0.3471036051354759,1.4488803524941192,-0.4829788432754536,1.9548462342282125,0.5159149360163701,0.9321863134323751
STAT0002_2021,STAT0002,online,718933,4,0.07436029641999788,0.0340579710144928,0.20000000000000007,0.014872059283999576,0.006811594202898561,0.040000000000000015,4,2,3,5,0.0340579710144928,0.20000000000000007,0.07436029641999788,0.30841826743449074,0.3858347183731367,0.9499999999999995,0.42146390155547375,1.7572986199286098,-0.23108486065035722,0.017166905922826613,0.9623196574445388,0.2428487437120681
STAT0002_2021,STAT0002,online,718933,5,0.11359807397628158,0.07226209463051568,0.3333333333333335,0.022719614795256318,0.014452418926103135,0.0666666666666667,5,4,5,5,0.07226209463051568,0.3333333333333335,0.11359807397628158,0.5191935019401308,0.4580968130036524,1.283333333333333,0.5350619755317554,2.2764921218687406,0.9179142960228756,1.6105365138992038,2.0938828152383917,1.8054925586614676
STAT0002_2021,STAT0002,online,718933,6,0.05378866233254534,0.03591470258136925,0.1250000000000001,0.008964777055424223,0.005985783763561542,0.02083333333333335,3,2,3,6,0.03591470258136925,0.1250000000000001,0.05378866233254534,0.2147033649139147,0.49401151558502165,1.408333333333333,0.5888506378643007,2.4911954867826553,0.814345494374625,0.1231006715516876,1.1671375870035317,0.5025720863848189
STAT0002_2021,STAT0002,online,718933,7,0.04751984126984125,0.012987012987013,0.21428571428571422,0.006788548752834463,0.0018552875695732856,0.030612244897959173,5,1,5,7,0.012987012987013,0.21428571428571422,0.04751984126984125,0.27479256854256845,0.5069985285720346,1.6226190476190472,0.6363704791341419,2.765988055325224,-0.6075684648984347,1.0760560120386675,0.4517663547188667,0.6648490533906675
STAT0002_2021,STAT0002,online,718933,8,0.05658677092081353,0.049074074074074055,0.2500000000000002,0.007073346365101691,0.006134259259259257,0.03125000000000003,6,4,6,8,0.049074074074074055,0.2500000000000002,0.05658677092081353,0.3556608449948878,0.5560726026461087,1.8726190476190474,0.6929572500549555,3.1216489003201118,1.1131613751387721,1.3375036630686201,1.15026745537846,1.4499485191412838
STAT0002_2021,STAT0002,online,718933,9,0.07294724811600416,0.02702125684581827,0.148148148148148,0.008105249790667129,0.0030023618717575857,0.016460905349794223,5,3,4,9,0.02702125684581827,0.148148148148148,0.07294724811600416,0.24811665310997044,0.5830938594919269,2.0207671957671955,0.7659044981709596,3.3697655534300823,-0.22460314453001837,-0.44634554678622695,1.504760393588026,0.10326175111204454
STAT0002_2021,STAT0002,online,718933,10,0.07659161490683233,0.057306763285024105,0.1666666666666665,0.007659161490683233,0.005730676328502411,0.01666666666666665,5,4,5,10,0.057306763285024105,0.1666666666666665,0.07659161490683233,0.3005650448585229,0.6404006227769511,2.187433862433862,0.8424961130777919,3.670330598288605,1.546761438825836,0.309040414362555,2.0957633422996835,1.1686545617085162
STAT0002_2021,STAT0002,online,718933,11,0.03315860384825897,0.0125,0.1666666666666665,0.0033158603848258967,0.00125,0.01666666666666665,5,2,5,10,0.0125,0.1666666666666665,0.03315860384825897,0.21232527051492547,0.652900622776951,2.3541005291005286,0.8756547169260509,3.8826558688035306,-0.303859927079474,0.8932246647142785,0.5066325082561163,0.6669601363474184
STAT0002_2021,STAT0002,online,718937,1,0.0531609195402299,0.00574712643678161,0.133333333333333,0.02658045977011495,0.002873563218390805,0.0666666666666665,1,1,1,2,0.00574712643678161,0.133333333333333,0.0531609195402299,0.19224137931034452,0.00574712643678161,0.133333333333333,0.0531609195402299,0.19224137931034452,-1.1449485031667446,-0.942370573231777,-0.18656710112112423,-0.8830447569282003
STAT0002_2021,STAT0002,online,718937,2,0.14391534391534389,0.0778619528619529,0.148148148148148,0.04797178130511463,0.02595398428731763,0.049382716049382665,2,2,2,3,0.0778619528619529,0.148148148148148,0.14391534391534389,0.36992544492544477,0.08360907929873451,0.281481481481481,0.19707626345557377,0.5621668242357893,0.46511414587301475,-0.8138176846050831,2.50637578443627,0.579693529844236
STAT0002_2021,STAT0002,online,718937,3,0.07436496805360764,0.046748737373737456,0.2222222222222222,0.01859124201340191,0.011687184343434364,0.05555555555555555,3,3,3,4,0.046748737373737456,0.2222222222222222,0.07436496805360764,0.34333592764956733,0.13035781667247195,0.5037037037037032,0.2714412315091814,0.9055027518853567,-0.22546414113292124,0.14085265299383323,0.521489998788459,0.1782097231811604
STAT0002_2021,STAT0002,online,718937,4,0.02124378109452733,0.01829710144927536,0.09999999999999999,0.004248756218905466,0.0036594202898550723,0.019999999999999997,2,2,2,5,0.01829710144927536,0.09999999999999999,0.02124378109452733,0.13954088254380267,0.14865491812174733,0.6037037037037032,0.29268501260370877,1.0450436344291594,-0.8280440659286293,-1.7871844825614625,-0.8378703288308219,-1.521503800446631
STAT0002_2021,STAT0002,online,718937,5,0.0395621890547264,0.057416267942583796,0.096969696969697,0.00791243781094528,0.011483253588516758,0.019393939393939397,2,2,2,5,0.057416267942583796,0.096969696969697,0.0395621890547264,0.1939481539670072,0.2060711860643311,0.7006734006734002,0.33224720165843513,1.2389917883961665,0.4415214341412738,-1.3202685918225474,-0.20941338710066265,-0.7952073989712416
STAT0002_2021,STAT0002,online,718937,6,0.02037037037037038,0.0101010101010101,0.2222222222222224,0.0033950617283950634,0.0016835016835016834,0.03703703703703707,4,1,4,6,0.0101010101010101,0.2222222222222224,0.02037037037037038,0.2526936026936029,0.21617219616534122,0.9228956228956227,0.35261757202880556,1.4916853910897694,-0.1795491860645406,1.2328609515737203,-0.013504216318677173,0.79643969332239
STAT0002_2021,STAT0002,online,718937,7,0.0163265306122449,0.0108225108225108,0.019047619047619,0.002332361516034986,0.0015460729746444,0.002721088435374143,1,1,1,7,0.0108225108225108,0.019047619047619,0.0163265306122449,0.046196660482374696,0.226994706987852,0.9419432419432416,0.36894410264105043,1.537882051572144,-0.6955618488922689,-1.6873977243727234,-0.660095229961372,-1.395852038780134
STAT0002_2021,STAT0002,online,718937,8,0.0591770003131817,0.03101851851851856,0.189814814814815,0.007397125039147713,0.00387731481481482,0.023726851851851874,5,4,5,8,0.03101851851851856,0.189814814814815,0.0591770003131817,0.28001033364651523,0.25801322550637057,1.1317580567580565,0.4281211029542321,1.8178923852186593,0.17637805952106628,0.4061560705532329,1.2750619180544847,0.6174652382900637
STAT0002_2021,STAT0002,online,718937,9,0.07184643834167027,0.046437080355209055,0.2839506172839504,0.00798293759351892,0.0051596755950232285,0.0315500685871056,5,4,8,9,0.046437080355209055,0.2839506172839504,0.07184643834167027,0.4022341359808297,0.3044503058615796,1.415708674042007,0.49996754129590243,2.220126521199489,0.6722372830397375,2.4671627476205713,1.4557931935992854,2.053411108572661
STAT0002_2021,STAT0002,online,718937,10,0.01791713477886379,0.02373397435897436,0.11249999999999989,0.001791713477886379,0.002373397435897436,0.01124999999999999,4,3,4,10,0.02373397435897436,0.11249999999999989,0.01791713477886379,0.15415110913783803,0.328184280220554,1.5282086740420069,0.5178846760747662,2.374277630337327,-0.23412586832582566,-0.825116818404273,-0.5194062480209835,-0.7128929327419711
STAT0002_2021,STAT0002,online,718937,11,0.01915708812260535,0.01111111111111111,0.0666666666666666,0.0019157088122605348,0.001111111111111111,0.006666666666666659,2,2,2,10,0.01111111111111111,0.0666666666666666,0.01915708812260535,0.09693486590038305,0.3392953913316651,1.5948753407086735,0.5370417641973716,2.47121249623771,-0.38238501024494187,-0.8251431335266624,-0.1514588729607102,-0.6741556805964568
STAT0002_2021,STAT0002,online,718941,1,0.0646551724137931,0.028735632183908,0.166666666666667,0.03232758620689655,0.014367816091954,0.0833333333333335,1,1,1,2,0.028735632183908,0.166666666666667,0.0646551724137931,0.26005747126436807,0.028735632183908,0.166666666666667,0.0646551724137931,0.26005747126436807,-0.6349225987928914,-0.2764806227250184,0.052518420502948734,-0.3272675875710685
STAT0002_2021,STAT0002,online,718941,2,0.0395183360700602,0.0336700336700337,0.148148148148148,0.013172778690020067,0.0112233445566779,0.049382716049382665,2,2,2,3,0.0336700336700337,0.148148148148148,0.0395183360700602,0.2213365178882419,0.062405665853941694,0.314814814814815,0.10417350848385329,0.48139398915261,-0.7981979317534849,-0.8138176846050831,-0.6556091789353102,-0.9371554767753132
STAT0002_2021,STAT0002,online,718941,3,0.06803104384187833,0.04390782828282826,0.25,0.017007760960469583,0.010976957070707064,0.0625,4,3,4,4,0.04390782828282826,0.25,0.06803104384187833,0.36193887212470655,0.10631349413676995,0.564814814814815,0.17220455232573162,0.8433328612773165,-0.3100492622746319,0.7455171800719601,0.3449207014636966,0.3665202061753626
STAT0002_2021,STAT0002,online,718941,4,0.06041394426469046,0.05521702532572091,0.2666666666666668,0.012082788852938092,0.011043405065144183,0.05333333333333336,5,4,4,5,0.05521702532572091,0.2666666666666668,0.06041394426469046,0.38229763625707813,0.16153051946249086,0.8314814814814817,0.23261849659042208,1.2256304975343946,0.5703361646175634,1.2200678315790192,0.48965906701956274,1.01470610298693
STAT0002_2021,STAT0002,online,718941,5,0.0987636494084549,0.0488835725677831,0.3333333333333335,0.01975272988169098,0.00977671451355662,0.0666666666666667,5,3,5,5,0.0488835725677831,0.3333333333333335,0.0987636494084549,0.48098055530957146,0.21041409203027397,1.1648148148148152,0.331382145998877,1.7066110528439662,0.16771282417888192,1.6105365138992038,1.6323758877914765,1.4999373545595818
STAT0002_2021,STAT0002,online,718941,6,0.01491126543209877,0.0208495208495209,0.1666666666666668,0.002485210905349795,0.0034749201415868168,0.0277777777777778,3,2,3,6,0.0208495208495209,0.1666666666666668,0.01491126543209877,0.20242745294828648,0.23126361287979486,1.331481481481482,0.34629341143097575,1.9090385057922525,0.23429659224541496,0.5987122201325586,-0.20637007272274852,0.4076136685608527
STAT0002_2021,STAT0002,online,718941,7,0.10135606874328673,0.0436198721913007,0.21428571428571422,0.014479438391898103,0.006231410313042957,0.030612244897959173,5,3,5,7,0.0436198721913007,0.21428571428571422,0.10135606874328673,0.3592616552203016,0.27488348507109556,1.5457671957671963,0.4476494801742625,2.2683001610125544,0.6377474266714226,1.0760560120386675,2.370717307020362,1.426304237118803
STAT0002_2021,STAT0002,online,718941,8,0.03296471089029576,0.01990740740740739,0.189814814814815,0.00412058886128697,0.002488425925925924,0.023726851851851874,4,2,5,8,0.01990740740740739,0.189814814814815,0.03296471089029576,0.24268693311251816,0.294790892478503,1.7355820105820112,0.48061419106455827,2.5109870941250723,-0.4001039808590653,0.4061560705532329,0.012182041980351643,0.20674617803172912
STAT0002_2021,STAT0002,online,718941,9,0.04907654401386327,0.0444413502893035,0.1687242798353908,0.005452949334873697,0.004937927809922611,0.01874714220393231,5,5,5,9,0.0444413502893035,0.1687242798353908,0.04907654401386327,0.26224217413855755,0.33923224276780645,1.904306290417402,0.5296907350784216,2.7732292682636297,0.5800520916799756,-0.004904896118530209,0.4429224912593589,0.28200121171417575
STAT0002_2021,STAT0002,online,718941,10,0.0329916114294274,0.027471200297287238,0.1541666666666665,0.0032991611429427402,0.002747120029728724,0.01541666666666665,5,4,5,10,0.027471200297287238,0.1541666666666665,0.0329916114294274,0.21462947839338115,0.3667034430650937,2.0584729570840685,0.5626823465078489,2.987858746657011,-0.03588263473091931,0.04731182218559475,0.1524755111454065,0.06430715809024493
STAT0002_2021,STAT0002,online,718941,11,0.01442234011199528,0.00833333333333333,0.1208333333333332,0.001442234011199528,8.33333333333333e-4,0.01208333333333332,4,2,4,10,0.00833333333333333,0.1208333333333332,0.01442234011199528,0.1435890067786618,0.37503677639842703,2.1793062904174016,0.5771046866198442,3.131447753435673,-0.5394351765758775,0.10563942385384707,-0.3739988407091337,-0.13192163204800375
STAT0002_2021,STAT0002,online,718945,1,0.03160919540229881,0.0517241379310345,0.23333333333333367,0.015804597701149406,0.02586206896551725,0.11666666666666684,2,1,2,2,0.0517241379310345,0.23333333333333367,0.03160919540229881,0.316666666666667,0.0517241379310345,0.23333333333333367,0.03160919540229881,0.316666666666667,-0.12489669441903567,1.0552992782884727,-0.6348524541662632,0.13666504956178824
STAT0002_2021,STAT0002,online,718945,2,0.0344727533826533,0.0580808080808081,0.222222222222222,0.011490917794217766,0.019360269360269366,0.074074074074074,3,2,2,3,0.0580808080808081,0.222222222222222,0.0344727533826533,0.31477578368568343,0.1098049460118426,0.45555555555555566,0.0660819487849521,0.6314424503523504,-0.10036840315979965,0.6134933314715235,-0.8084301928543346,0.016706027780963886
STAT0002_2021,STAT0002,online,718945,3,0.033045848267622434,0.0307765151515152,0.1666666666666666,0.008261462066905608,0.0076941287878788,0.04166666666666665,3,2,2,4,0.0307765151515152,0.1666666666666666,0.033045848267622434,0.23048903008580424,0.1405814611633578,0.6222222222222222,0.09912779705257455,0.8619314804381546,-0.7010204888851885,-1.068476401162421,-0.6303532665885998,-0.9640962065617414
STAT0002_2021,STAT0002,online,718945,4,0.0786729986431478,0.03458498023715416,0.2666666666666668,0.01573459972862956,0.006916996047430833,0.05333333333333336,4,3,4,5,0.03458498023715416,0.2666666666666668,0.0786729986431478,0.37992464554696875,0.17516644140051196,0.8888888888888891,0.17780079569572235,1.2418561259851235,-0.21112384229204667,1.2200678315790192,1.1084829233954423,0.9899141973131389
STAT0002_2021,STAT0002,online,718945,5,0.03625878403144788,0.02565124933545981,0.29696969696969705,0.007251756806289576,0.005130249867091962,0.059393939393939416,5,3,5,5,0.02565124933545981,0.29696969696969705,0.03625878403144788,0.35887973033660475,0.20081769073597178,1.1858585858585862,0.21405957972717024,1.6007358563217282,-0.5777972228838266,1.1596434207112414,-0.3121840942106945,0.5236048341622304
STAT0002_2021,STAT0002,online,718945,6,0.0105644208037825,0.02611585944919282,0.138888888888889,0.0017607368006304167,0.004352643241532136,0.023148148148148168,2,2,3,6,0.02611585944919282,0.138888888888889,0.0105644208037825,0.17556916914186432,0.2269335501851646,1.324747474747475,0.22462400053095274,1.7763050254635924,0.4370644033049097,0.281637854411978,-0.3599406527675213,0.1998555693771899
STAT0002_2021,STAT0002,online,718945,7,0.0185374149659864,0.0075036075036075,0.1428571428571428,0.002648202137998057,0.0010719439290867857,0.020408163265306114,3,2,3,7,0.0075036075036075,0.1428571428571428,0.0185374149659864,0.1688981653267367,0.2344371576887721,1.4676046176046178,0.24316141549693915,1.945203190790329,-0.8304850376828116,0.06503635237596342,-0.5812899563538674,-0.28974682810769686
STAT0002_2021,STAT0002,online,718945,8,0.027575461651863108,0.04021164021164022,0.1666666666666668,0.0034469327064828885,0.005026455026455027,0.02083333333333335,5,5,4,8,0.04021164021164022,0.1666666666666668,0.027575461651863108,0.23445376853017014,0.2746487979004123,1.6342712842712848,0.27073687714880224,2.1796569593204995,0.65334831912129,0.04794545804731419,-0.24746618258190853,0.11614570830405704
STAT0002_2021,STAT0002,online,718945,9,0.01057100730303344,0.01113895850737956,0.148148148148148,0.0011745563670037156,0.0012376620563755067,0.016460905349794223,3,2,4,9,0.01113895850737956,0.148148148148148,0.01057100730303344,0.169858113958561,0.28578775640779186,1.7824194324194327,0.2813078844518357,2.3495150732790604,-0.9582257604209439,-0.44634554678622695,-1.2699150586560644,-0.8869947532055746
STAT0002_2021,STAT0002,online,718945,10,0.02633472162036368,0.0211698717948718,0.20416666666666647,0.002633472162036368,0.0021169871794871798,0.020416666666666645,8,3,7,10,0.0211698717948718,0.20416666666666647,0.02633472162036368,0.25167126008190194,0.30695762820266365,1.986586099086099,0.30764260607219934,2.601186333360962,-0.3701401184586807,1.0942261908934365,-0.14422751471541648,0.5403265423309476
STAT0002_2021,STAT0002,online,718945,11,0.01310025542784163,0.00555555555555556,0.0999999999999999,0.0013100255427841631,5.55555555555556e-4,0.00999999999999999,3,2,3,10,0.00555555555555556,0.0999999999999999,0.01310025542784163,0.11865581098339709,0.31251318375821924,2.086586099086099,0.320742861500041,2.7198421443443594,-0.6964853429068126,-0.25235386744634875,-0.4361387227710575,-0.4217057207656705
STAT0002_2021,STAT0002,online,718997,1,0.1479885057471264,0.067816091954023,0.1666666666666663,0.0739942528735632,0.0339080459770115,0.08333333333333315,2,2,2,2,0.067816091954023,0.1666666666666663,0.1479885057471264,0.3824712643678157,0.067816091954023,0.1666666666666663,0.1479885057471264,0.3824712643678157,0.232121438642662,-0.27648062272503227,1.7858884522774814,0.6759573028786559
STAT0002_2021,STAT0002,online,718997,2,0.0887976646597336,0.0441919191919192,0.222222222222222,0.029599221553244532,0.014730639730639733,0.074074074074074,2,2,2,3,0.0441919191919192,0.222222222222222,0.0887976646597336,0.3552118060738748,0.1120080111459422,0.3888888888888883,0.23678617040686,0.7376830704416906,-0.49740934184241414,0.6134933314715235,0.8369670856691351,0.4294914325494979
STAT0002_2021,STAT0002,online,718997,3,0.09798273466313442,0.046748737373737456,0.2962962962962962,0.024495683665783606,0.011687184343434364,0.07407407407407406,4,3,4,4,0.046748737373737456,0.2962962962962962,0.09798273466313442,0.44102776833316815,0.15875674851967964,0.6851851851851845,0.33476890506999446,1.1787108387748586,-0.22546414113292124,1.7532913918688362,1.1798768558496726,1.1671068156982227
STAT0002_2021,STAT0002,online,718997,4,0.046769787426503784,0.01702898550724637,0.20000000000000007,0.009353957485300756,0.003405797101449274,0.040000000000000015,3,2,3,5,0.01702898550724637,0.20000000000000007,0.046769787426503784,0.2637987729337502,0.17578573402692602,0.8851851851851846,0.3815386924964982,1.442509611708609,-0.8760752663533179,0.017166905922826613,0.02724028143525905,-0.2233150276680603
STAT0002_2021,STAT0002,online,718997,5,0.07704452098481955,0.022647527910685798,0.1696969696969698,0.01540890419696391,0.00452950558213716,0.03393939393939396,3,2,3,5,0.022647527910685798,0.1696969696969698,0.07704452098481955,0.26938901859247516,0.19843326193761182,1.0548821548821543,0.45858321348131775,1.711898630301084,-0.6741846774811775,-0.4184824054466237,0.9566821202451277,-0.1919733952939862
STAT0002_2021,STAT0002,online,718997,6,0.04556327160493826,0.00647500647500647,0.2222222222222224,0.007593878600823043,0.0010791677458344116,0.03703703703703707,4,2,4,6,0.00647500647500647,0.2222222222222224,0.04556327160493826,0.27426050030216714,0.20490826841261828,1.2771043771043769,0.504146485086256,1.9861591306032511,-0.3191598100727179,1.2328609515737203,0.8765410432704281,0.963267093194179
STAT0002_2021,STAT0002,online,718997,7,0.115297171500179,0.04632034632034632,0.21428571428571422,0.01647102450002557,0.006617192331478046,0.030612244897959173,5,3,5,7,0.04632034632034632,0.21428571428571422,0.115297171500179,0.3759032321062395,0.2512286147329646,1.491390091390091,0.6194436565864351,2.3620623627094908,0.7475296486065875,1.0760560120386675,2.867637200314648,1.5763214266446386
STAT0002_2021,STAT0002,online,718997,8,0.07611249914769685,0.05125661375661379,0.277777777777778,0.009514062393462107,0.006407076719576724,0.03472222222222225,4,4,7,8,0.05125661375661379,0.277777777777778,0.07611249914769685,0.40514689068208865,0.3024852284895784,1.769167869167869,0.6955561557341319,2.767209253391579,1.2263989187848716,1.7673563980757219,2.0909960138650057,1.994509354696304
STAT0002_2021,STAT0002,online,718997,9,0.05193666213702641,0.03324050867910517,0.148148148148148,0.005770740237447379,0.0036933898532339076,0.016460905349794223,4,3,4,9,0.03324050867910517,0.148148148148148,0.05193666213702641,0.23332531896427958,0.3357257371686836,1.917316017316017,0.7474928178711583,3.0005345723558587,0.06267163784690606,-0.44634554678622695,0.5701488108231533,-0.08390267853527118
STAT0002_2021,STAT0002,online,718997,10,0.04972078444904537,0.02418013749535488,0.12499999999999989,0.004972078444904537,0.002418013749535488,0.01249999999999999,4,4,4,10,0.02418013749535488,0.12499999999999989,0.04972078444904537,0.19890092194440015,0.35990587466403845,2.042316017316017,0.7972136023202037,3.199435494300259,-0.2104588959974551,-0.5633882262273124,0.8981084414534435,-0.1378185878794558
STAT0002_2021,STAT0002,online,718997,11,0.052653256704980805,0.029166666666666702,0.11249999999999989,0.005265325670498081,0.0029166666666666703,0.01124999999999999,4,2,4,10,0.029166666666666702,0.11249999999999989,0.052653256704980805,0.1943199233716474,0.3890725413307051,2.154816017316017,0.8498668590251844,3.3937554176719065,0.6384410709061411,-0.037557892666230976,1.4229092368760616,0.4576944185949026
STAT0002_2021,STAT0002,online,719059,1,0.0402298850574712,0.0798850574712644,0.1666666666666663,0.0201149425287356,0.0399425287356322,0.08333333333333315,2,2,2,2,0.0798850574712644,0.1666666666666663,0.0402298850574712,0.2867816091954019,0.0798850574712644,0.1666666666666663,0.0402298850574712,0.2867816091954019,0.499885038438936,-0.27648062272503227,-0.4555383129482086,-0.10825370303627363
STAT0002_2021,STAT0002,online,719059,2,0.044553913519430804,0.054713804713804756,0.222222222222222,0.014851304506476934,0.018237934904601585,0.074074074074074,2,2,2,3,0.054713804713804756,0.222222222222222,0.044553913519430804,0.32148994045545753,0.13459886218506917,0.3888888888888883,0.084783798576902,0.6082715496508595,-0.19662075193134182,0.6134933314715235,-0.5030912044699896,0.08524654576969577
STAT0002_2021,STAT0002,online,719059,3,0.0597163783699549,0.0383522727272727,0.2222222222222222,0.014929094592488725,0.009588068181818175,0.05555555555555555,3,2,3,4,0.0383522727272727,0.2222222222222222,0.0597163783699549,0.32029087331944983,0.17295113491234185,0.6111111111111105,0.1445001769468569,0.9285624229703093,-0.4754601658406376,0.14085265299383323,0.1131347515861631,-0.055066536785722056
STAT0002_2021,STAT0002,online,719059,4,0.0189452736318408,0.02445652173913047,0.09999999999999999,0.00378905472636816,0.004891304347826094,0.019999999999999997,2,2,2,5,0.02445652173913047,0.09999999999999999,0.0189452736318408,0.14340179537097125,0.19740765665147234,0.7111111111111105,0.1634454505786977,1.0719642183412805,-0.5947496638658556,-1.7871844825614625,-0.9157698313180141,-1.481166775013657
STAT0002_2021,STAT0002,online,719059,5,0.05960402071276272,0.023604465709728857,0.1636363636363637,0.011920804142552545,0.004720893141945771,0.03272727272727274,3,2,3,5,0.023604465709728857,0.1636363636363637,0.05960402071276272,0.24684485005885526,0.22101212236120119,0.8747474747474742,0.2230494712914604,1.3188090684001357,-0.6434771698218441,-0.4936312543112844,0.41409877588334143,-0.37223921159428525
STAT0002_2021,STAT0002,online,719059,6,0.0376957742316785,0.01627384960718294,0.0972222222222223,0.006282629038613084,0.0027123082678638232,0.016203703703703717,2,2,2,6,0.01627384960718294,0.0972222222222223,0.0376957742316785,0.1511918460610837,0.23728597196838414,0.9719696969696965,0.26074524552313894,1.4700009144612194,0.05812128099699896,-0.19397369416889346,0.5985885884617949,0.011288558061373728
STAT0002_2021,STAT0002,online,719059,7,0.03549349564387155,0.0151515151515152,0.23809523809523803,0.005070499377695936,0.0021645021645021714,0.03401360544217686,5,1,5,7,0.0151515151515152,0.23809523809523803,0.03549349564387155,0.2887402488906248,0.25243748711989933,1.2100649350649344,0.2962387411670105,1.7587411633518442,-0.5195750809046007,1.413062565259569,0.023096507764144823,0.7905818382440191
STAT0002_2021,STAT0002,online,719059,8,0.021273857606715768,0.02592592592592592,0.0601851851851852,0.002659232200839471,0.00324074074074074,0.00752314814814815,2,2,2,8,0.02592592592592592,0.0601851851851852,0.021273857606715768,0.10738496871782689,0.27836341304582524,1.2702501202501197,0.31751259877372623,1.8661261320696712,-0.08784287565316169,-1.59982335947991,-0.5510706792061391,-1.282161447538876
STAT0002_2021,STAT0002,online,719059,9,0.03095013648962004,0.016606330641418362,0.1563786008230451,0.0034389040544022267,0.0018451478490464845,0.01737540009144946,5,3,5,9,0.016606330641418362,0.1563786008230451,0.03095013648962004,0.2039350679540835,0.2949697436872436,1.4266287210731647,0.34846273526334626,2.070061200023755,-0.7056812129283929,-0.2697692865191484,-0.3633924988615557,-0.45579675606291153
STAT0002_2021,STAT0002,online,719059,10,0.02131067402806537,0.01284722222222222,0.0999999999999999,0.0021310674028065368,0.001284722222222222,0.00999999999999999,3,2,3,10,0.01284722222222222,0.0999999999999999,0.02131067402806537,0.13415789625028748,0.30781696590946583,1.5266287210731646,0.36977340929141167,2.2042190962740422,-0.8116197053482408,-1.0868454105812335,-0.36815342688450303,-0.9698232545000751
STAT0002_2021,STAT0002,online,719059,11,0.02209770114942526,0.03055555555555553,0.10666666666666656,0.0022097701149425258,0.0030555555555555527,0.010666666666666656,4,2,4,10,0.03055555555555553,0.10666666666666656,0.02209770114942526,0.15931992337164735,0.33837252146502134,1.6332953877398313,0.3918711104408369,2.3635390196456894,0.7169661540716055,-0.1377960142302859,-0.01324583043286134,0.05090969719771224
STAT0002_2021,STAT0002,online,719067,1,0.027298850574712596,0.0172413793103448,0.133333333333333,0.013649425287356298,0.0086206896551724,0.0666666666666665,2,1,1,2,0.0172413793103448,0.133333333333333,0.027298850574712596,0.1778735632183904,0.0172413793103448,0.133333333333333,0.027298850574712596,0.1778735632183904,-0.8899355509798181,-0.942370573231777,-0.7245095247752911,-1.000794157215728
STAT0002_2021,STAT0002,online,719067,2,0.0636262513904338,0.0631313131313132,0.222222222222222,0.021208750463477935,0.021043771043771066,0.074074074074074,3,2,2,3,0.0631313131313132,0.222222222222222,0.0636262513904338,0.348979786743969,0.08037269244165801,0.35555555555555496,0.0909251019651464,0.5268533499623594,0.04401011999751609,0.6134933314715235,0.07457329769493788,0.36587274629682276
STAT0002_2021,STAT0002,online,719067,3,0.022043010752688202,0.03361742424242428,0.2499999999999999,0.0055107526881720504,0.00840435606060607,0.06249999999999997,2,2,3,4,0.03361742424242428,0.2499999999999999,0.022043010752688202,0.3056604349951124,0.1139901166840823,0.6055555555555548,0.1129681127178346,0.8325137849574719,-0.6164353677434814,0.7455171800719577,-0.9370767485325137,-0.2031648612716498
STAT0002_2021,STAT0002,online,719067,4,0.037435549525101725,0.0355895915678524,0.16666666666666669,0.007487109905020346,0.00711791831357048,0.03333333333333334,3,3,3,5,0.0355895915678524,0.16666666666666669,0.037435549525101725,0.23969180775962082,0.14957970825193467,0.7722222222222216,0.15040366224293633,1.0722055927170926,-0.17307315104651602,-0.5842835569052702,-0.2891095675082074,-0.47517341216668024
STAT0002_2021,STAT0002,online,719067,5,0.05299549349016308,0.05786815523657625,0.23636363636363647,0.010599098698032616,0.01157363104731525,0.04727272727272729,4,3,4,5,0.05786815523657625,0.23636363636363647,0.05299549349016308,0.3472272850903758,0.20744786348851094,1.008585858585858,0.2033991557330994,1.4194328778074685,0.45602220164706686,0.4081549320646392,0.20850393939295775,0.43043051499967233
STAT0002_2021,STAT0002,online,719067,6,0.01540952521670607,0.01152551152551152,0.1805555555555557,0.002568254202784345,0.0019209185875852534,0.03009259259259262,4,2,4,6,0.01152551152551152,0.1805555555555557,0.01540952521670607,0.20749059229777328,0.21897337501402245,1.1891414141414138,0.2188086809498055,1.6269234701052417,-0.12470215520418548,0.757249402992849,-0.18876694892194096,0.44677879968884604
STAT0002_2021,STAT0002,online,719067,7,0.02171201814058957,0.01399711399711397,0.1428571428571428,0.0031017168772270814,0.001999587713873424,0.020408163265306114,3,2,3,7,0.01399711399711397,0.1428571428571428,0.02171201814058957,0.17856627499484634,0.23297048901113643,1.3319985569985566,0.24052069909039506,1.805489745100088,-0.5665048857013145,0.06503635237596342,-0.468133666045656,-0.2025926689568932
STAT0002_2021,STAT0002,online,719067,8,0.02086682990654523,0.02354497354497354,0.1481481481481483,0.002608353738318154,0.0029431216931216924,0.01851851851851854,4,3,4,8,0.02354497354497354,0.1481481481481483,0.02086682990654523,0.19255995159966707,0.25651546255610996,1.4801467051467048,0.2613875289969403,1.9980496966997552,-0.21137474144890364,-0.2386230319574197,-0.5706808354674731,-0.34486772761418993
STAT0002_2021,STAT0002,online,719067,9,0.024744132533696422,0.022612085769980528,0.1687242798353908,0.002749348059299602,0.002512453974442281,0.01874714220393231,5,3,5,9,0.022612085769980528,0.1687242798353908,0.024744132533696422,0.21608049813906774,0.2791275483260905,1.6488709849820955,0.2861316615306367,2.214130194838823,-0.4282681021853013,-0.004904896118530209,-0.6394534895304622,-0.3021126805763124
STAT0002_2021,STAT0002,online,719067,10,0.014934852156793521,0.01845619658119657,0.1666666666666665,0.001493485215679352,0.001845619658119657,0.01666666666666665,4,3,5,10,0.01845619658119657,0.1666666666666665,0.014934852156793521,0.20005771540465658,0.29758374490728706,1.815537651648762,0.3010665136874302,2.4141879102434793,-0.5140885331826202,0.309040414362555,-0.6523290247711143,-0.12295277728548033
STAT0002_2021,STAT0002,online,719067,11,0.00876436781609196,0.009722222222222219,0.04222222222222219,8.76436781609196e-4,9.72222222222222e-4,0.004222222222222219,2,2,2,10,0.009722222222222219,0.04222222222222219,0.00876436781609196,0.060708812260536364,0.3073059671295093,1.8577598738709842,0.30983088150352217,2.474896722504016,-0.4609100934104097,-1.2451885953188921,-0.6399316779858446,-1.095190113088019
STAT0002_2021,STAT0002,online,719081,1,0.0359195402298851,0.0632183908045977,0.166666666666667,0.01795977011494255,0.03160919540229885,0.0833333333333335,1,1,1,2,0.0632183908045977,0.166666666666667,0.0359195402298851,0.2658045977011498,0.0632183908045977,0.166666666666667,0.0359195402298851,0.2658045977011498,0.13011625776789085,-0.2764806227250184,-0.5451953835572341,-0.2801678274560569
STAT0002_2021,STAT0002,online,719081,2,0.0579821200510855,0.0622895622895623,0.148148148148148,0.019327373350361835,0.0207631874298541,0.049382716049382665,2,2,2,3,0.0622895622895623,0.148148148148148,0.0579821200510855,0.2684198304887958,0.12550795309416,0.314814814814815,0.0939016602809706,0.5342244281899455,0.019947032804628513,-0.8138176846050831,-0.09637660589580843,-0.4565121517943973
STAT0002_2021,STAT0002,online,719081,3,0.02060931899641578,0.03882575757575758,0.1296296296296296,0.005152329749103945,0.009706439393939396,0.0324074074074074,2,2,2,4,0.03882575757575758,0.1296296296296296,0.02060931899641578,0.18906470620180293,0.1643337106699176,0.4444444444444446,0.11451097927738638,0.7232891343917485,-0.461362645650352,-1.8746957705999225,-0.9770434323012497,-1.3834187739504276
STAT0002_2021,STAT0002,online,719081,4,0.1064719260838663,0.0914708681013029,0.2333333333333334,0.02129438521677326,0.01829417362026058,0.046666666666666676,4,4,4,5,0.0914708681013029,0.2333333333333334,0.1064719260838663,0.4312761275185026,0.2558045787712205,0.677777777777778,0.22098290536125267,1.154565261910251,1.9434878858497837,0.6186173687509224,2.0506258802768755,1.5264106495849499
STAT0002_2021,STAT0002,online,719081,5,0.16454073126670735,0.11686602870813402,0.29696969696969705,0.032908146253341465,0.023373205741626803,0.059393939393939416,5,5,5,5,0.11686602870813402,0.29696969696969705,0.16454073126670735,0.5783764569445384,0.3726706074793545,0.974747474747475,0.38552363662796,1.7329417188547895,2.3492253474773648,1.1596434207112414,3.6787362845853333,2.2787264097579643
STAT0002_2021,STAT0002,online,719081,6,0.0733796296296296,0.10916860916860922,0.277777777777778,0.012229938271604932,0.0181947681947682,0.046296296296296335,5,5,5,6,0.10916860916860922,0.277777777777778,0.0733796296296296,0.4603260165760168,0.4818392166479637,1.252525252525253,0.45890326625758965,2.1932677354308066,3.6348125055874427,1.8670096830148823,1.8592709547003592,2.402548108440529
STAT0002_2021,STAT0002,online,719081,7,0.19468537414965983,0.15741084312512876,0.257142857142857,0.02781219630709426,0.022487263303589824,0.036734693877551,6,6,6,7,0.15741084312512876,0.257142857142857,0.19468537414965983,0.6092390744176456,0.6392500597730925,1.5096681096681102,0.6535886404072495,2.802506809848452,5.263685328061483,1.682667807836289,5.6973686697209605,3.679751138812081
STAT0002_2021,STAT0002,online,719081,8,0.09524391275549499,0.03657407407407407,0.189814814814815,0.011905489094436873,0.004571759259259259,0.023726851851851874,4,4,5,8,0.03657407407407407,0.189814814814815,0.09524391275549499,0.321632801644384,0.6758241338471666,1.699482924482925,0.7488325531627444,3.124139611492836,0.46461907971112826,0.4061560705532329,3.0127269186460435,1.0754926606881294
STAT0002_2021,STAT0002,online,719081,9,0.07386565857046956,0.03690708252111765,0.2057613168724278,0.00820729539671884,0.00410078694679085,0.022862368541380868,6,4,6,9,0.03690708252111765,0.2057613168724278,0.07386565857046956,0.316534057964015,0.7127312163682842,1.9052442413553528,0.822698211733214,3.440673669456851,0.23203512894972222,0.7896882750833237,1.5456139447138515,0.9689919436239411
STAT0002_2021,STAT0002,online,719081,10,0.02920061817559293,0.02241615570419917,0.1541666666666665,0.002920061817559293,0.002241615570419917,0.01541666666666665,5,4,5,10,0.02241615570419917,0.1541666666666665,0.02920061817559293,0.2057834405464586,0.7351473720724834,2.0594109080220195,0.8518988299088069,3.6464571100033094,-0.30403029362055645,0.04731182218559475,-0.016492160198526264,-0.04937218714942976
STAT0002_2021,STAT0002,online,719081,11,0.052718735888107,0.07499999999999994,0.18749999999999978,0.0052718735888107,0.007499999999999994,0.01874999999999998,6,4,6,10,0.07499999999999994,0.18749999999999978,0.052718735888107,0.3152187358881067,0.8101473720724833,2.246910908022019,0.904617565796914,3.961675845891416,3.2297688153665725,1.251217956014474,1.4259868526791504,1.8628312690737305
STAT0002_2021,STAT0002,online,719083,1,0.014367816091954,0.0172413793103448,0.133333333333333,0.007183908045977,0.0086206896551724,0.0666666666666665,1,1,1,2,0.0172413793103448,0.133333333333333,0.014367816091954,0.1649425287356318,0.0172413793103448,0.133333333333333,0.014367816091954,0.1649425287356318,-0.8899355509798181,-0.942370573231777,-0.9934807366023732,-1.106768617474502
STAT0002_2021,STAT0002,online,719083,2,0.02709359605911334,0.023989898989899,0.148148148148148,0.009031198686371113,0.007996632996633,0.049382716049382665,2,2,2,3,0.023989898989899,0.148148148148148,0.02709359605911334,0.19923164319716036,0.0412312783002438,0.281481481481481,0.04146141215106734,0.36417417193279217,-1.074923434471671,-0.8138176846050831,-1.031930702887781,-1.1628099578001454
STAT0002_2021,STAT0002,online,719083,3,0.05571139161602,0.03465909090909098,0.2129629629629629,0.013927847904005,0.008664772727272745,0.05324074074074073,3,3,3,4,0.03465909090909098,0.2129629629629629,0.05571139161602,0.3033334454880739,0.07589036920933478,0.4944444444444439,0.09717280376708734,0.6675076174208661,-0.5854208233248543,-0.06070218936554317,0.001488689319150757,-0.22672008493951945
STAT0002_2021,STAT0002,online,719083,4,0.03443251276087098,0.04523312838530226,0.2333333333333334,0.006886502552174196,0.009046625677060452,0.046666666666666676,4,4,4,5,0.04523312838530226,0.2333333333333334,0.03443251276087098,0.31299897447950664,0.12112349759463703,0.7277777777777773,0.13160531652795832,0.9805065919003727,0.1921857612739859,0.6186173687509224,-0.39088651349684284,0.29070584508861314
STAT0002_2021,STAT0002,online,719083,5,0.02753004209720633,0.03120680489101536,0.1636363636363637,0.005506008419441266,0.006241360978203072,0.03272727272727274,3,3,3,5,0.03120680489101536,0.1636363636363637,0.02753004209720633,0.22237321062458537,0.1523303024856524,0.891414141414141,0.15913535862516465,1.202879802524958,-0.3995230811949187,-0.4936312543112844,-0.5837399508015675,-0.5679173113319878
STAT0002_2021,STAT0002,online,719083,6,0.022858796296296287,0.00647500647500647,0.1666666666666668,0.003809799382716048,0.0010791677458344116,0.0277777777777778,3,2,3,6,0.00647500647500647,0.1666666666666668,0.022858796296296287,0.19600046943796956,0.15880530896065886,1.0580808080808077,0.18199415492146093,1.3988802719629276,-0.3191598100727179,0.5987122201325586,0.07440990197151719,0.357898731924845
STAT0002_2021,STAT0002,online,719083,7,0.008163265306122441,0.00216450216450216,0.0666666666666666,0.0011661807580174914,3.0921459492888e-4,0.009523809523809514,2,1,2,7,0.00216450216450216,0.0666666666666666,0.008163265306122441,0.07699443413729119,0.16096981112516104,1.1247474747474744,0.1901574202275834,1.4758747061002189,-1.0475353848675988,-1.0133846179309212,-0.9510685478967735,-1.1182223718903663
STAT0002_2021,STAT0002,online,719083,8,0.02045372756113396,0.012962962962962971,0.1481481481481483,0.002556715945141745,0.0016203703703703714,0.01851851851851854,4,3,4,8,0.012962962962962971,0.1481481481481483,0.02045372756113396,0.18156483867224524,0.173932774088124,1.2728956228956227,0.21061114778871734,1.6574395447724641,-0.7604052560966444,-0.2386230319574197,-0.5905836615946494,-0.46586159163447194
STAT0002_2021,STAT0002,online,719083,9,0.01717578348886609,0.008846189547943941,0.1316872427983538,0.0019084203876517877,9.829099497715489e-4,0.014631915866483755,4,3,4,9,0.008846189547943941,0.1316872427983538,0.01717578348886609,0.15770921583516384,0.18277896363606794,1.4045828656939765,0.22778693127758343,1.815148760607628,-1.0641315384016905,-0.7994980673203835,-0.9761155267903123,-1.0407227107861563
STAT0002_2021,STAT0002,online,719083,10,0.03047262472831891,0.025300771088814518,0.18749999999999978,0.003047262472831891,0.002530077108881452,0.01874999999999998,6,4,6,10,0.025300771088814518,0.18749999999999978,0.03047262472831891,0.2432733958171332,0.20807973472488245,1.5920828656939763,0.25825955600590234,2.058422156424761,-0.15101426222109618,0.7452547346574885,0.040202212689354554,0.4324066207173754
STAT0002_2021,STAT0002,online,719083,11,0.024806288858013,0.01666666666666667,0.1541666666666665,0.0024806288858013,0.001666666666666667,0.01541666666666665,5,3,5,10,0.01666666666666667,0.1541666666666665,0.024806288858013,0.19563962219134617,0.22474640139154914,1.7462495323606428,0.28306584486391534,2.2540617786161072,-0.06828467758307055,0.67842868993416094,0.11406168835423149,0.4730325133577415
STAT0002_2021,STAT0002,online,719087,1,0.0373563218390804,0.0402298850574713,0.2000000000000003,0.0186781609195402,0.02011494252873565,0.10000000000000014,2,1,2,2,0.0402298850574713,0.2000000000000003,0.0373563218390804,0.277586206896552,0.0402298850574713,0.2000000000000003,0.0373563218390804,0.277586206896552,-0.3799096466059625,0.3894093277817263,-0.5153096933542269,-0.1836133192202854
STAT0002_2021,STAT0002,online,719087,2,0.040138660828316,0.02483164983164983,0.222222222222222,0.013379553609438667,0.008277216610549944,0.074074074074074,2,2,2,3,0.02483164983164983,0.222222222222222,0.040138660828316,0.2871925328821878,0.06506153488912113,0.4222222222222223,0.0774949826673964,0.5647787397787398,-1.0508603472787856,0.6134933314715235,-0.6368207328055244,-0.2648736795019659
STAT0002_2021,STAT0002,online,719087,3,0.031568489948574134,0.04094065656565659,0.2129629629629629,0.007892122487143534,0.010235164141414147,0.05324074074074073,3,3,3,4,0.04094065656565659,0.2129629629629629,0.031568489948574134,0.28547210947719365,0.10600219145477771,0.6351851851851852,0.10906347261597053,0.8502508492559335,-0.3983937221337471,-0.06070218936554317,-0.6715372327320833,-0.4075235494462007
STAT0002_2021,STAT0002,online,719087,4,0.08411500936874071,0.0564064558629776,0.2333333333333334,0.016823001873748144,0.01128129117259552,0.046666666666666676,4,3,4,5,0.0564064558629776,0.2333333333333334,0.08411500936874071,0.3738547985650517,0.1624086473177553,0.8685185185185186,0.19317848198471124,1.224105647820985,0.6153870741068118,0.6186173687509224,1.2929199700161897,0.9264992529608721
STAT0002_2021,STAT0002,online,719087,5,0.03910907003444313,0.027113237639553457,0.1636363636363637,0.007821814006888627,0.005422647527910692,0.03272727272727274,3,2,3,5,0.027113237639553457,0.1636363636363637,0.03910907003444313,0.22985867131036028,0.18952188495730876,1.0321548821548823,0.23228755201915438,1.4539643191313454,-0.5308829750709535,-0.4936312543112844,-0.22351016354538086,-0.5080626895528476
STAT0002_2021,STAT0002,online,719087,6,0.00520833333333333,0.00505050505050505,0.1111111111111112,8.68055555555555e-4,8.417508417508417e-4,0.018518518518518535,2,1,2,6,0.00505050505050505,0.1111111111111112,0.00520833333333333,0.12136994949494959,0.19457239000781382,1.1432659932659934,0.2374958853524877,1.575334268626295,-0.37400684093307296,-0.03543651130860293,-0.5491669835752147,-0.21939410912938495
STAT0002_2021,STAT0002,online,719087,7,0.04957482993197276,0.03448773448773445,0.1666666666666666,0.007082118561710394,0.004926819212533493,0.0238095238095238,4,2,4,7,0.03448773448773445,0.1666666666666666,0.04957482993197276,0.2507292310863738,0.22906012449554827,1.3099326599326602,0.2870707152844605,1.8260634997126688,0.2664991494403009,0.4020429055968648,0.5250148462130212,0.4479276474125798
STAT0002_2021,STAT0002,online,719087,8,0.01765044421405786,0.01759259259259259,0.1064814814814816,0.0022063055267572324,0.0021990740740740738,0.0133101851851852,3,2,3,8,0.01759259259259259,0.1064814814814816,0.01765044421405786,0.14172451828813204,0.24665271708814088,1.4164141414141416,0.3047211594985183,1.967788018000801,-0.520204405938258,-0.8834021344680727,-0.7256428343682106,-0.904277671478244
STAT0002_2021,STAT0002,online,719087,9,0.04526133354484371,0.03380983322503796,0.2057613168724278,0.00502903706053819,0.0037566481361153287,0.022862368541380868,6,4,6,9,0.03380983322503796,0.2057613168724278,0.04526133354484371,0.2848324836423095,0.28046255031317885,1.6221754582865695,0.34998249304336204,2.2526205016431105,0.08896942887046795,0.7896882750833237,0.2732109040337954,0.5678511798225521
STAT0002_2021,STAT0002,online,719087,10,0.02820623418449501,0.03329384986993688,0.1208333333333332,0.002820623418449501,0.003329384986993688,0.01208333333333332,4,4,4,10,0.03329384986993688,0.1208333333333332,0.02820623418449501,0.18233341738776507,0.3137564001831157,1.7430087916199026,0.37818872722785707,2.4349539190308755,0.27298305827911007,-0.6506310902862998,-0.06081266834703218,-0.35072555287834706
STAT0002_2021,STAT0002,online,719087,11,0.02215394439532371,0.01805555555555555,0.1208333333333332,0.002215394439532371,0.001805555555555555,0.01208333333333332,4,3,4,10,0.01805555555555555,0.1208333333333332,0.02215394439532371,0.16104283328421246,0.3318119557386712,1.8638421249532358,0.40034267162318077,2.595996752315088,0.010240405582396743,0.10563942385384707,-0.010602316965986335,0.07093408087700513
STAT0002_2021,STAT0002,online,719157,1,0.0272988505747126,0.0344827586206897,0.166666666666667,0.0136494252873563,0.01724137931034485,0.0833333333333335,1,1,1,2,0.0344827586206897,0.166666666666667,0.0272988505747126,0.22844827586206928,0.0344827586206897,0.166666666666667,0.0272988505747126,0.22844827586206928,-0.5074161226994257,-0.2764806227250184,-0.7245095247752911,-0.5863162682036273
STAT0002_2021,STAT0002,online,719157,2,0.02484948002189382,0.01893939393939395,0.1234567901234567,0.00828316000729794,0.0063131313131313165,0.04115226337448556,2,2,2,3,0.01893939393939395,0.1234567901234567,0.02484948002189382,0.16724566408474448,0.053422152560083654,0.2901234567901237,0.052148330596606424,0.3956939399468138,-1.2193019576289852,-1.2895880232972847,-1.0999006697690659,-1.489334293158419
STAT0002_2021,STAT0002,online,719157,3,0.01692379616643291,0.0215277777777778,0.2037037037037036,0.004230949041608228,0.00538194444444445,0.0509259259259259,3,2,3,4,0.0215277777777778,0.2037037037037036,0.01692379616643291,0.24215527764791434,0.07494993033786146,0.4938271604938273,0.06907212676303934,0.6378492175947281,-0.9763920499354147,-0.2622570317249196,-1.0797838748154451,-0.846003250036135
STAT0002_2021,STAT0002,online,719157,4,0.01730890999547716,0.02145915678524374,0.1600000000000001,0.003461781999095432,0.004291831357048748,0.032000000000000015,3,3,3,5,0.02145915678524374,0.1600000000000001,0.01730890999547716,0.19876806678072098,0.0964090871231052,0.6538271604938274,0.0863810367585165,0.8366172843754491,-0.7082779557787569,-0.7045736494708882,-0.9712283909399478,-0.9027256658882197
STAT0002_2021,STAT0002,online,719157,5,0.00895522388059702,0.00606060606060606,0.0666666666666667,0.001791044776119404,0.001212121212121212,0.01333333333333334,1,1,1,5,0.00606060606060606,0.0666666666666667,0.00895522388059702,0.08168249660786978,0.10246969318371126,0.720493827160494,0.09533626063911352,0.9182997809833189,-1.2064481435762906,-1.6960128361458489,-1.161612536545435,-1.6928967653434968
STAT0002_2021,STAT0002,online,719157,6,0,0,0,0,0,0,0,0,0,5,0,0,0,0,0.10246969318371126,0.720493827160494,0.09533626063911352,0.9182997809833189,-0.5684644958016053,-1.3037339741909264,-0.7331732776709714,-1.1582325765022894
STAT0002_2021,STAT0002,online,719157,7,0.00969387755102041,0.0075036075036075,0.019047619047619,0.0013848396501457728,0.0010719439290867857,0.002721088435374143,2,2,1,7,0.0075036075036075,0.019047619047619,0.00969387755102041,0.036245104102246906,0.10997330068731875,0.7395414462081131,0.10503013819013392,0.9545448850855658,-0.8304850376828116,-1.6873977243727234,-0.8965110507838855,-1.4855613571810946
STAT0002_2021,STAT0002,online,719157,8,0.03253982982099725,0.02731481481481483,0.189814814814815,0.004067478727624656,0.0034143518518518537,0.023726851851851874,5,4,5,8,0.02731481481481483,0.189814814814815,0.03253982982099725,0.24966945945062707,0.13728811550213357,0.9293562610229281,0.13756996801113117,1.2042143445361928,-0.015782620605644615,0.4061560705532329,-0.008288270379066655,0.28358421033280246
STAT0002_2021,STAT0002,online,719157,9,0.02395714297567936,0.019858287694545,0.2057613168724278,0.0026619047750754844,0.002206476410505,0.022862368541380868,6,4,6,9,0.019858287694545,0.2057613168724278,0.02395714297567936,0.24957674754265216,0.15714640319667858,1.135117577895356,0.16152711098681052,1.453791092078845,-0.5554693739840406,0.7896882750833237,-0.67446105938947,0.12173728138080725
STAT0002_2021,STAT0002,online,719157,10,0.02437119157291048,0.025541155704199202,0.1541666666666665,0.002437119157291048,0.00255411557041992,0.01541666666666665,5,4,5,10,0.025541155704199202,0.1541666666666665,0.02437119157291048,0.2040790139437762,0.1826875589008778,1.2892842445620223,0.185898302559721,1.6578701060226213,-0.13826292627113734,0.04731182218559475,-0.23174365560974036,-0.07127556395551327
STAT0002_2021,STAT0002,online,719157,11,0.01944777763743281,0.01111111111111112,0.1208333333333332,0.001944777763743281,0.001111111111111112,0.01208333333333332,4,3,4,10,0.01111111111111112,0.1208333333333332,0.01944777763743281,0.1513922220818771,0.19379867001198892,1.4101175778953556,0.20534608019715384,1.8092623281044984,-0.38238501024494126,0.10563942385384707,-0.13779604758762914,-0.04122938167312577
STAT0002_2021,STAT0002,online,719219,1,0.0244252873563218,0.0574712643678161,0.133333333333333,0.0122126436781609,0.02873563218390805,0.0666666666666665,1,1,1,2,0.0574712643678161,0.133333333333333,0.0244252873563218,0.2152298850574709,0.0574712643678161,0.133333333333333,0.0244252873563218,0.2152298850574709,0.0026097816744275848,-0.942370573231777,-0.7842809051813093,-0.6946457164681576
STAT0002_2021,STAT0002,online,719219,2,0.041142127349023935,0.03282828282828285,0.1358024691358024,0.013714042449674646,0.01094276094276095,0.04526748971193413,2,2,2,3,0.03282828282828285,0.1358024691358024,0.041142127349023935,0.20977287931310917,0.09029954719609895,0.2691358024691354,0.06556741470534573,0.42500276437058004,-0.8222610189463706,-1.0517028539511828,-0.6064276581838112,-1.0552012426028432
STAT0002_2021,STAT0002,online,719219,3,0.024959742351046657,0.02118055555555556,0.1666666666666666,0.006239935587761664,0.00529513888888889,0.04166666666666665,2,2,2,4,0.02118055555555556,0.1666666666666666,0.024959742351046657,0.2128069645732688,0.11148010275165451,0.435802469135802,0.09052715705639239,0.6378097289438489,-0.9867302314082906,-1.068476401162421,-0.8557677161551788,-1.1430849844646414
STAT0002_2021,STAT0002,online,719219,4,0.1195483620856754,0.1576635924462012,0.176923076923077,0.02390967241713508,0.03153271848924024,0.035384615384615396,4,4,4,5,0.1576635924462012,0.176923076923077,0.1195483620856754,0.4541350314549536,0.2691436951978557,0.612725546058879,0.2100755191420678,1.0919447603988024,4.450605653472085,-0.39922187603508597,2.493803844839987,1.765229869476722
STAT0002_2021,STAT0002,online,719219,5,0.05698890164561803,0.03732057416267942,0.14545454545454548,0.011397780329123607,0.007464114832535884,0.029090909090909098,3,2,3,5,0.03732057416267942,0.14545454545454548,0.05698890164561803,0.23976402126284294,0.3064642693605351,0.7581800915134245,0.26706442078768583,1.3317087816616455,-0.20333622670473103,-0.7190778009052656,0.3327410150839548,-0.42885834931463607
STAT0002_2021,STAT0002,online,719219,6,0.02015817901234566,0.01295001295001295,0.1666666666666668,0.00335969650205761,0.002158335491668825,0.0277777777777778,3,2,3,6,0.01295001295001295,0.1666666666666668,0.02015817901234566,0.1997748586290254,0.3194142823105481,0.9248467581800912,0.2872225998000315,1.5314836402906709,-0.06985512434382997,0.5987122201325586,-0.021000769041097843,0.3870949355827131
STAT0002_2021,STAT0002,online,719219,7,0.02414965986394553,0.02844774273345697,0.11428571428571421,0.003449951409135076,0.00406396324763671,0.016326530612244886,3,2,3,7,0.02844774273345697,0.11428571428571421,0.02414965986394553,0.1668831168831167,0.34786202504400504,1.0391324724658055,0.311372259663977,1.6983667571737875,0.020955706486081745,-0.33937151148911837,-0.38124580027328103,-0.3079116875042677
STAT0002_2021,STAT0002,online,719219,8,0.03093546836864731,0.03194444444444447,0.138888888888889,0.003866933546080914,0.003993055555555559,0.017361111111111126,4,4,4,8,0.03194444444444447,0.138888888888889,0.03093546836864731,0.20176880170198078,0.37980646948844954,1.1780213613546944,0.3423077280326243,1.9001355588757682,0.22441822955274282,-0.38190727695978754,-0.08558467739770746,-0.24353049129680288
STAT0002_2021,STAT0002,online,719219,9,0.02639843816314407,0.024784182678919492,0.148148148148148,0.002933159795904897,0.002753798075435499,0.016460905349794223,4,2,4,9,0.024784182678919492,0.148148148148148,0.02639843816314407,0.19933076899021157,0.404590652167369,1.3261695095028425,0.3687061661957684,2.0994663278659798,-0.32793631251933264,-0.44634554678622695,-0.5658651943604989,-0.5140579636734416
STAT0002_2021,STAT0002,online,719219,10,0.0220942604094778,0.02817841880341879,0.07333333333333326,0.00220942604094778,0.002817841880341879,0.007333333333333326,3,3,3,10,0.02817841880341879,0.07333333333333326,0.0220942604094778,0.12360601254622985,0.4327690709707878,1.3995028428361758,0.3908004266052462,2.2230723404122097,0.0016321652377895807,-1.6451997405587488,-0.33322834068706453,-1.105424215210386
STAT0002_2021,STAT0002,online,719219,11,0.01949470239023991,0.04305555555555558,0.15861111111111093,0.001949470239023991,0.004305555555555558,0.015861111111111093,6,5,6,10,0.04305555555555558,0.15861111111111093,0.01949470239023991,0.2211613690569064,0.4758246265263434,1.5581139539472866,0.4102951289954861,2.444233709469116,1.4236919025608183,0.7548005920782024,-0.13559051670131936,0.7696569901656419
STAT0002_2021,STAT0002,online,719243,1,0.10201149425287359,0.0689655172413793,0.166666666666667,0.051005747126436796,0.03448275862068965,0.0833333333333335,2,1,1,2,0.0689655172413793,0.166666666666667,0.10201149425287359,0.3376436781609199,0.0689655172413793,0.166666666666667,0.10201149425287359,0.3376436781609199,0.25762273386135426,-0.2764806227250184,0.8295463657811885,0.30857917398157786
STAT0002_2021,STAT0002,online,719243,2,0.2394818463783981,0.1254208754208754,0.333333333333333,0.0798272821261327,0.04180695847362513,0.111111111111111,3,3,3,3,0.1254208754208754,0.333333333333333,0.2394818463783981,0.6982360551326064,0.19438639266225471,0.5,0.3414933406312717,1.0358797332935263,1.8246785722710552,2.754459855586434,5.400901691136784,3.9312058725553816
STAT0002_2021,STAT0002,online,719243,3,0.13810613734351454,0.0712436868686869,0.3055555555555555,0.034526534335878635,0.017810921717171725,0.07638888888888888,4,4,4,4,0.0712436868686869,0.3055555555555555,0.13810613734351454,0.514905379767757,0.2656300795309416,0.8055555555555555,0.4795994779747862,1.5507851130612833,0.5038475700444659,1.9548462342282125,2.2983874001397124,1.9149415850970761
STAT0002_2021,STAT0002,online,719243,4,0.08349879970775492,0.017654808959156762,0.21666666666666679,0.016699759941550985,0.0035309617918313522,0.043333333333333356,4,2,4,5,0.017654808959156762,0.21666666666666679,0.08349879970775492,0.3178202753335785,0.28328488849009836,1.0222222222222224,0.5630982776825412,1.8686053883948617,-0.852371557052823,0.3178921373368755,1.2720357976574503,0.3410765589265985
STAT0002_2021,STAT0002,online,719243,5,0.07566747938073577,0.03448963317384363,0.3333333333333335,0.015133495876147155,0.006897926634768726,0.0666666666666667,5,3,5,5,0.03448963317384363,0.3333333333333335,0.07566747938073577,0.44349044588791287,0.317774521663942,1.3555555555555558,0.6387657570632769,2.3120958342827747,-0.29417927019692786,1.6105365138992038,0.9138416152588003,1.2001620415776724
STAT0002_2021,STAT0002,online,719243,6,0.05298832742316777,0.01769835103168436,0.19444444444444461,0.008831387903861294,0.0029497251719473932,0.03240740740740743,4,3,4,6,0.01769835103168436,0.19444444444444461,0.05298832742316777,0.26513112289929675,0.33547287269562637,1.5500000000000003,0.6917540844864447,2.5772269571820714,0.11296831185735415,0.9157865858531398,1.138862388147206,0.8926482066852386
STAT0002_2021,STAT0002,online,719243,7,0.0238095238095238,0.0151515151515152,0.0476190476190476,0.003401360544217686,0.0021645021645021714,0.006802721088435372,1,1,1,7,0.0151515151515152,0.0476190476190476,0.0238095238095238,0.08658008658008662,0.35062438784714156,1.597619047619048,0.7155636082959684,2.663807043762158,-0.5195750809046007,-1.2829898605076415,-0.39336968852058796,-1.0318115317941523
STAT0002_2021,STAT0002,online,719243,8,0.07501441371706244,0.05694444444444438,0.2361111111111113,0.009376801714632805,0.007118055555555548,0.029513888888888912,6,4,6,8,0.05694444444444438,0.2361111111111113,0.07501441371706244,0.36806996927261815,0.4075688322915859,1.8337301587301593,0.790578022013031,3.031877013034776,1.5215028204080274,1.1225772955650688,2.03809144035806,1.5865026323533382
STAT0002_2021,STAT0002,online,719243,9,0.08007255928074529,0.0453912559175718,0.185185185185185,0.008896951031193921,0.0050434728797302,0.020576131687242778,5,3,5,9,0.0453912559175718,0.185185185185185,0.08007255928074529,0.3106490003835021,0.45296008820915773,2.0189153439153444,0.8706505812937763,3.3425260134182784,0.6239293843116797,0.34824762441562696,1.8217148256078672,0.8945244591733112
STAT0002_2021,STAT0002,online,719243,10,0.0630044978894827,0.0707230118914901,0.1666666666666665,0.00630044978894827,0.007072301189149011,0.01666666666666665,6,5,5,10,0.0707230118914901,0.1666666666666665,0.0630044978894827,0.3003941764476393,0.5236831001006479,2.185582010582011,0.933655079183259,3.642920189865918,2.258433826409567,0.309040414362555,1.4901744190334718,1.1664587527590724
STAT0002_2021,STAT0002,online,719243,11,0.03530304193590201,0.04305555555555557,0.1999999999999998,0.003530304193590201,0.004305555555555557,0.01999999999999998,6,4,6,10,0.04305555555555557,0.1999999999999998,0.03530304193590201,0.27835859749145736,0.5667386556562034,2.3855820105820107,0.9689581211191609,3.921278787357375,1.4236919025608177,1.466013930794592,0.6074241832920771,1.4344272368353628
STAT0002_2021,STAT0002,online,719255,1,0.021551724137931,0.0344827586206897,0.166666666666667,0.0107758620689655,0.01724137931034485,0.0833333333333335,1,1,1,2,0.0344827586206897,0.166666666666667,0.021551724137931,0.22270114942528768,0.0344827586206897,0.166666666666667,0.021551724137931,0.22270114942528768,-0.5074161226994257,-0.2764806227250184,-0.8440522855873275,-0.633416028318638
STAT0002_2021,STAT0002,online,719255,2,0.02647327130085746,0.0332491582491583,0.148148148148148,0.008824423766952487,0.011083052749719434,0.049382716049382665,2,2,2,3,0.0332491582491583,0.148148148148148,0.02647327130085746,0.20787057769816378,0.067731916869848,0.314814814814815,0.048024995438788465,0.4305717271234515,-0.8102294753499271,-0.8138176846050831,-1.0507191490175694,-1.074620619083018
